Algorithm,Samples,Generation Time,Sample Time
Outlines,5,10.291802644729614,1.5929691791534424
ASMR,5,11.96127438545227,0.2232968807220459
Outlines,10,10.291802644729614,2.8095598220825195
ASMR,10,11.96127438545227,0.23014354705810547
Outlines,20,10.291802644729614,5.237350702285767
ASMR,20,11.96127438545227,0.1830453872680664
