Algorithm,Samples,Generation Time,Sample Time
Outlines,5,16.953968048095703,2.7479734420776367
ASMR,5,8.614457845687866,0.19890737533569336
Outlines,10,0.0815131664276123,2.9502601623535156
ASMR,10,11.438098669052124,0.22011446952819824
Outlines,20,0.08057141304016113,4.9867284297943115
ASMR,20,8.725791692733765,0.1792926788330078
