Algorithm,Samples,Generation Time,Sample Time
Outlines,5,0.08453917503356934,1.4682834148406982
ASMR,5,10.807432413101196,0.22240161895751953
Outlines,10,0.08453917503356934,2.2645649909973145
ASMR,10,10.807432413101196,0.23143768310546875
Outlines,20,0.08453917503356934,4.726063251495361
ASMR,20,10.807432413101196,0.18707776069641113
