Algorithm,Samples,Generation Time,Sample Time
Outlines,5,16.834639310836792,9.639600038528442
ASMR,5,42.417306900024414,0.012832403182983398
Outlines,10,15.556020736694336,19.314250230789185
ASMR,10,44.97749853134155,0.013188600540161133
