Algorithm,Samples,Generation Time,Sample Time
Outlines,1,0.6068918704986572,5.773852586746216
Outlines,1,59.838398456573486,0.7849693298339844
